Model,Silhouette Score
KMeans,0.17597788603022838
DBSCAN,-0.03667696685037588
Hierarchical,0.12328420768182932
Temporal KMeans,0.2810153892383645
